Workbook

Sheet Labkom
A1: REKAPITULASI ANGGARAN
A3: Nama Bagian | C3: : | D3: UPT Laboratorium Komputer
A4: Nama Pimpinan | C4: : | D4: Bayu Eka Riarsa Thira A.Md
A5: Jumlah Pagu | C5: : | D5: 0
A6: Anggaran Minimal | C6: : | D6: =SUM(K11:K25) -> 56290000
A7: Anggaran Tambahan | C7: : | D7: =SUM(L11:L25) -> 0
A9: No. | B9: Nama Kegiatan | E9: Tujuan Kegiatan | F9: Sasaran | G9: Waktu Pelaksanaan | H9: Prioritas Pelaksanaan | I9: Hubungan Dengan Kegiatan Lain | J9: Nama Kegiatan Lain | K9: Anggaran Minimal (Anggaran Prioritas) | L9: Anggaran Tambahan
A10: a | B10: b | E10: c | F10: d | G10: e | H10: f | I10: g | J10: h | K10: i | L10: j
A11: 1 | B11: Perbaikan komputer | E11: Memperbaiki komputer yang rusak (membutuhkan penggantian hardware) | F11: UPT Labkom | G11: September 2023 | H11: Utama | I11: 1 | K11: ='Perbaikan Komputer'!E23 -> 20720000 | L11: 0
A12: 2 | B12: Perawatan Infrastruktur Jaringan | E12: Mengganti akses poin, switch hub 16port, Stabilizer 1000VA | F12: UPT Labkom | G12: Oktober 2024 | H12: Utama | I12: 1 | K12: ='Perawatan Infr. Jaringan'!E7 -> 3350000 | L12: 0
A13: 4 | B13: Upgrade Infrastruktur Jaringan | E13: Menganti Switch hub 100 mbps ke 1 gbps | F13: UPT Labkom | G13: November 2024 | H13: Utama | I13: 1 | K13: ='Upgrade Infr. Jaringan'!E2 -> 1520000 | L13: 0
A14: 5 | B14: Upgrade Infrastruktur Jaringan | E14: Mengganti Akses point ke yang lebih memadai (yang dapat meng-handle 40++ user dan mempunya frekuensi 2,4GHz dan 5Ghz) | F14: UPT Labkom | G14: Desember 2024 | H14: Utama | I14: 1 | K14: ='Upgrade Infr. Jaringan'!E3 -> 1500000 | L14: 0
A15: 6 | B15: Perawatan SI | E15: Memperpanjang sewa hosting dan domain | F15: UPT Labkom | G15: April 2025 | H15: Utama | I15: 1 | K15: 2000000 | L15: 0
A16: 7 | B16: Fasilitas Pengembangan dan Implementasi SI | E16: Menambah RAM server | F16: UPT Labkom | G16: September 2024 | H16: Utama | I16: 1 | K16: ='Fasilitas Sistem Informasi'!E12 -> 18200000 | L16: 0
A17: 8 | B17: Penambahan Infrastruktur Jaringan | E17: Menambah Akses Poin, Penambahan jaringan ke ruangan Prodi Baru | F17: UPT Labkom | G17: Oktober 2024 | H17: Utama | I17: 1 | K17: ='Penambahan Infr. Jaringan'!E9 -> 5760000 | L17: 0
A18: 9 | B18: Pengadaan Zoom Pro | E18: Memfasilitasi zoom meeting pro untuk kegiatan STIKes Respati secara daring | F18: UPT Labkom | G18: Tiap Bulan (Rp. 270.000) | H18: Utama | I18: 1 | K18: =Zoom!D1 -> 3240000 | L18: 0
A19: 10 | K19: 0 | L19: 0
A20: 11 | K20: 0 | L20: 0
A21: 12 | K21: 0 | L21: 0
A22: 13 | K22: 0 | L22: 0
A23: 14 | K23: 0 | L23: 0
A24: 15 | K24: 0 | L24: 0
A25: 16 | K25: 0 | L25: 0
A27: Keterangan:
A28: Kolom a diisi sesuai urutan waktu pelaksanaan kegiatan paling awal sampai paling akhir
A29: Kolom b diisi dengan nama kegiatan
A30: Kolom c diisi dengan tujuan dari kegiatan
A31: Kolom d diisi dengan sasaran yang ingin dicapai
A32: Kolom e diisi dengan nama bulan sesuai rentang waktu pelaksanaan kegiatan
A33: Kolom f diisi sesuai skala prioritas pelaksanaan kegiatan, yaitu:
B34: Utama jika kegiatannya harus dilaksanakan
B35: Pendukung jika kegiatannya dilaksanakan untuk mendukung tercapainya tujuan dan sasaran kegiatan Prioritas Utama
B36: Tambahan jika kegiatannya dilaksanakan untuk meningkatkan pencapaian kegiatan Prioritas Utama
A37: Kolom g diisi dengan:
B38: Angka 1 jika kegiatan berdiri sendiri dan tidak berhubungan dengan kegiatan lain
B39: Angka 2 jika kegiatan berhubungan dengan pelaksanaan kegiatan lain yang dilaksanakan oleh bagian yang sama
B40: Angka 3 jika kegiatan berhubungan dengan pelaksanaan kegiatan lain yang dilaksanakan oleh bagian lain
A41: Kolom h diisi sesuai nama kegiatan lain yang berhubungan jika kolom g diisi "Angka 2" atau "Angka 3"
A42: Kolom I diisi dengan jumlah anggaran minimal yang dibutuhkan
A43: Kolom j diisi dengan jumlah anggaran tambahan yang dibutuhkan

Sheet Zoom
A1: Zoom Pro 1 Tahun | B1: 12 | C1: 270000 | D1: =C1*B1 -> 3240000

Sheet Perbaikan Komputer
A1: No. | B1: Nama Hardware | C1: QTY | D1: Harga satuan | E1: Harga Total | F1: Lokasi
A2: 1 | B2: LCD Monitor | C2: 6 | D2: 1500000 | E2: =D2*C2 -> 9000000 | F2: 3 labkom, 1 Ka. BAAK, 1 TU Prodibidan
A3: 2 | B3: SSD 128 GB | C3: 1 | D3: 220000 | E3: =D3*C3 -> 220000 | F3: Pc staf LPMI
A4: 3 | B4: SSD 128 GB | C4: 1 | D4: 220000 | E4: =D4*C4 -> 220000 | F4: Pc. staf BAAK
A5: 4 | B5: SSD 128 GB | C5: 1 | D5: 220000 | E5: =D5*C5 -> 220000 | F5: Pc. staf Humas
A6: 5 | B6: SSD 256 GB | C6: 1 | D6: 320000 | E6: =D6*C6 -> 320000 | F6: pc. Ka BAK
A7: 6 | B7: Ram 4GB DDR3 | C7: 1 | D7: 180000 | E7: =D7*C7 -> 180000 | F7: pc. Ka BAK
A8: 7 | B8: Motherboard | C8: 1 | D8: 750000 | E8: =D8*C8 -> 750000 | F8: pc. Ka BAK
A9: 8 | B9: Power Suppy | C9: 1 | D9: 450000 | E9: =D9*C9 -> 450000 | F9: pc. Ka BAK
A10: 9 | B10: Ram 8GB DDR3 | C10: 1 | D10: 270000 | E10: =D10*C10 -> 270000 | F10: PC. staf LPMI
A11: 10 | B11: Ram 8GB DDR3 | C11: 1 | D11: 270000 | E11: =D11*C11 -> 270000 | F11: PC. staf Marketing
A12: 11 | B12: Power Suppy | C12: 1 | D12: 600000 | E12: =D12*C12 -> 600000 | F12: PC. KPS kebidanan
A13: 12 | B13: SSD 128 GB | C13: 1 | D13: 220000 | E13: =D13*C13 -> 220000 | F13: PC. KPS kebidanan
... A19: 18 | B19: SSD 128 GB | C19: 2 | D19: 220000 | E19: =D19*C19 -> 440000 | F19: Pc. Anjungan mandiri
A23: Total | D23: =SUM(D2:D22) -> 7240000 | E23: =SUM(E2:E22) -> 20720000

Sheet Upgrade Infr. Jaringan
A1: No | B1: Nama Hardware | C1: QTY | D1: Harga Satuan | E1: Total Harga | F1: Lokasi
A2: 1 | B2: TPLink 8 Port 10/100/1000 Gigabit / Switch Hub | C2: 4 | D2: 380000 | E2: =D2*C2 -> 1520000 | F2: R.BAAK, R.BAK, R.Humas, R.WaketII
A3: 2 | B3: Wireless Indoor RBcAPGi-5acD2nD (cAP ac) | C3: 1 | D3: 1500000 | E3: =D3*C3 -> 1500000 | F3: R. Pimpinan
E8: =SUM(E2:E7) -> 3020000

Sheet Penambahan Infr. Jaringan
A1: No | B1: Nama Hardware | C1: QTY | D1: Harga Satuan | E1: Total Harga | F1: Lokasi
A2: 1 | B2: TPLink 8 Port 10/100/1000 Gigabit / Switch Hub | C2: 2 | D2: 380000 | E2: =D2*C2 -> 760000 | F2: R.Prodi D3 dan S1 Kebidanan
A3: 2 | B3: Wireless Indoor RBcAPGi-5acD2nD (cAP ac) | C3: 2 | D3: 1500000 | E3: =D3*C3 -> 3000000 | F3: R. Prodi D3 Kebidanan, Taman Baca
A4: 3 | B4: Kabel UTP CAT6 | C4: 1 | D4: 2000000 | E4: =D4*C4 -> 2000000 | F4: Ruang Prodi Baru
E9: =SUM(E2:E8) -> 5760000

Sheet Perawatan Infr. Jaringan
A1: No | B1: Nama Hardware | C1: QTY | D1: Harga Satuan | E1: Total Harga | F1: Lokasi
A2: 1 | B2: Wireless Indoor RBcAPGi-5acD2nD (cAP ac) | C2: 1 | D2: 1500000 | E2: =D2*C2 -> 1500000 | F2: Asrama
A3: 2 | B3: Stabilizer 1000 VA | C3: 2 | D3: 450000 | E3: =D3*C3 -> 900000 | F3: Ruang LPMI, Ruang Labkom
A4: 3 | B4: Swith Hub 16 port Gigabit | C4: 1 | D4: 950000 | E4: =D4*C4 -> 950000 | F4: Ruang LPMI
E7: =SUM(E2:E6) -> 3350000

Sheet Fasilitas Sistem Informasi
A1: No | B1: Nama Hardware | C1: QTY | D1: Harga | E1: Harga Total | F1: Lokasi
A2: 1 | B2: Ram DDR3 8 GB ECC (server) 8GB | C2: 4 | D2: 800000 | E2: =D2*C2 -> 3200000 | F2: - Server7 - Persiapan implementasi LMS
A3: 2 | B3: Cloudflare Pro | C3: 1 | D3: 4000000 | E3: =D3*C3 -> 4000000 | F3: - 1 Tahun. - Content Delivery Network (CDN),untuk keamanan sever dan aplikasi
A4: 3 | B4: PC Rakitan | C4: 1 | D4: 8000000 | E4: =D4*C4 -> 8000000 | F4: - Persiapan Pengembangan Aplikasi - development server
A5: 4 | B5: Montor 24" | C5: 1 | D5: 2000000 | E5: =D5*C5 -> 2000000 | F5: Persiapan Pengembangan Aplikasi
A6: 5 | B6: Sneat Dashboard PRO – Bootstrap 5 | C6: 1 | D6: 1000000 | E6: =D6*C6 -> 1000000 | F6: - Persiapan Pengembangan Aplikasi - Untuk Tampilan utama Aplikasi
E12: =SUM(E2:E11) -> 18200000
